domain	species	aa	total_risky
..	Aedes_aegypti	A	0
..	Aedes_aegypti	D	0
..	Aedes_aegypti	E	0
..	Aedes_aegypti	F	0
..	Aedes_aegypti	G	0
..	Aedes_aegypti	H	0
..	Aedes_aegypti	I	0
..	Aedes_aegypti	K	9
..	Aedes_aegypti	L	0
..	Aedes_aegypti	N	0
..	Aedes_aegypti	P	0
..	Aedes_aegypti	Q	0
..	Aedes_aegypti	R	0
..	Aedes_aegypti	S	0
..	Aedes_aegypti	T	0
..	Anopheles_gambiae	A	0
..	Anopheles_gambiae	C	0
..	Anopheles_gambiae	D	0
..	Anopheles_gambiae	E	0
..	Anopheles_gambiae	F	0
..	Anopheles_gambiae	G	0
..	Anopheles_gambiae	H	0
..	Anopheles_gambiae	K	0
..	Anopheles_gambiae	L	0
..	Anopheles_gambiae	M	0
..	Anopheles_gambiae	N	0
..	Anopheles_gambiae	P	1
..	Anopheles_gambiae	Q	0
..	Anopheles_gambiae	R	0
..	Anopheles_gambiae	S	0
..	Anopheles_gambiae	T	0
..	Anopheles_gambiae	V	0
..	Anopheles_gambiae	W	0
..	Apis_mellifera	A	0
..	Apis_mellifera	D	0
..	Apis_mellifera	E	0
..	Apis_mellifera	F	3
..	Apis_mellifera	G	0
..	Apis_mellifera	H	0
..	Apis_mellifera	I	0
..	Apis_mellifera	K	12
..	Apis_mellifera	L	0
..	Apis_mellifera	M	0
..	Apis_mellifera	N	0
..	Apis_mellifera	P	0
..	Apis_mellifera	Q	0
..	Apis_mellifera	R	0
..	Apis_mellifera	S	0
..	Apis_mellifera	T	0
..	Arabidopsis_thaliana	A	0
..	Arabidopsis_thaliana	D	0
..	Arabidopsis_thaliana	E	0
..	Arabidopsis_thaliana	F	5
..	Arabidopsis_thaliana	G	0
..	Arabidopsis_thaliana	H	0
..	Arabidopsis_thaliana	I	0
..	Arabidopsis_thaliana	K	8
..	Arabidopsis_thaliana	L	0
..	Arabidopsis_thaliana	M	0
..	Arabidopsis_thaliana	N	0
..	Arabidopsis_thaliana	P	0
..	Arabidopsis_thaliana	Q	0
..	Arabidopsis_thaliana	R	0
..	Arabidopsis_thaliana	S	0
..	Arabidopsis_thaliana	T	0
..	Arabidopsis_thaliana	V	0
..	Arabidopsis_thaliana	Y	0
..	Archaeoglobus_fulgidus	A	0
..	Archaeoglobus_fulgidus	E	0
..	Archaeoglobus_fulgidus	G	0
..	Archaeoglobus_fulgidus	K	0
..	Archaeoglobus_fulgidus	L	0
..	Archaeoglobus_fulgidus	R	0
..	Archaeoglobus_fulgidus	S	0
..	Archaeoglobus_fulgidus	T	0
..	Archaeoglobus_fulgidus	V	0
..	Aspergillus_nidulans	A	0
..	Aspergillus_nidulans	D	0
..	Aspergillus_nidulans	E	0
..	Aspergillus_nidulans	G	0
..	Aspergillus_nidulans	H	0
..	Aspergillus_nidulans	K	1
..	Aspergillus_nidulans	L	0
..	Aspergillus_nidulans	N	0
..	Aspergillus_nidulans	P	0
..	Aspergillus_nidulans	Q	0
..	Aspergillus_nidulans	R	0
..	Aspergillus_nidulans	S	0
..	Aspergillus_nidulans	T	0
..	Aspergillus_nidulans	V	0
..	Bacillus_subtilis	A	0
..	Bacillus_subtilis	D	0
..	Bacillus_subtilis	E	0
..	Bacillus_subtilis	G	0
..	Bacillus_subtilis	H	0
..	Bacillus_subtilis	K	0
..	Bacillus_subtilis	L	0
..	Bacillus_subtilis	S	0
..	Bombyx_mori	A	0
..	Bombyx_mori	D	0
..	Bombyx_mori	E	0
..	Bombyx_mori	F	2
..	Bombyx_mori	G	0
..	Bombyx_mori	H	0
..	Bombyx_mori	I	0
..	Bombyx_mori	K	2
..	Bombyx_mori	L	0
..	Bombyx_mori	N	0
..	Bombyx_mori	P	0
..	Bombyx_mori	Q	0
..	Bombyx_mori	R	0
..	Bombyx_mori	S	0
..	Bombyx_mori	T	0
..	Caenorhabditis_elegans	A	0
..	Caenorhabditis_elegans	C	0
..	Caenorhabditis_elegans	D	0
..	Caenorhabditis_elegans	E	0
..	Caenorhabditis_elegans	F	1
..	Caenorhabditis_elegans	G	0
..	Caenorhabditis_elegans	H	0
..	Caenorhabditis_elegans	I	0
..	Caenorhabditis_elegans	K	0
..	Caenorhabditis_elegans	L	0
..	Caenorhabditis_elegans	N	0
..	Caenorhabditis_elegans	P	1
..	Caenorhabditis_elegans	Q	0
..	Caenorhabditis_elegans	R	0
..	Caenorhabditis_elegans	S	0
..	Caenorhabditis_elegans	T	0
..	Caenorhabditis_elegans	V	0
..	Candida_albicans	A	0
..	Candida_albicans	C	0
..	Candida_albicans	D	0
..	Candida_albicans	E	0
..	Candida_albicans	G	0
..	Candida_albicans	H	0
..	Candida_albicans	I	0
..	Candida_albicans	K	1
..	Candida_albicans	L	0
..	Candida_albicans	N	0
..	Candida_albicans	P	0
..	Candida_albicans	Q	0
..	Candida_albicans	R	0
..	Candida_albicans	S	0
..	Candida_albicans	T	0
..	Candida_albicans	V	0
..	Candida_albicans	Y	0
..	Ciona_intestinalis	A	0
..	Ciona_intestinalis	C	0
..	Ciona_intestinalis	D	0
..	Ciona_intestinalis	E	0
..	Ciona_intestinalis	G	0
..	Ciona_intestinalis	H	0
..	Ciona_intestinalis	I	0
..	Ciona_intestinalis	K	0
..	Ciona_intestinalis	L	0
..	Ciona_intestinalis	N	0
..	Ciona_intestinalis	P	0
..	Ciona_intestinalis	Q	0
..	Ciona_intestinalis	R	0
..	Ciona_intestinalis	S	0
..	Ciona_intestinalis	T	0
..	Ciona_intestinalis	V	0
..	Cryptococcus_neoformans	A	0
..	Cryptococcus_neoformans	D	0
..	Cryptococcus_neoformans	E	0
..	Cryptococcus_neoformans	G	0
..	Cryptococcus_neoformans	H	0
..	Cryptococcus_neoformans	K	0
..	Cryptococcus_neoformans	L	0
..	Cryptococcus_neoformans	N	0
..	Cryptococcus_neoformans	P	0
..	Cryptococcus_neoformans	Q	0
..	Cryptococcus_neoformans	R	0
..	Cryptococcus_neoformans	S	0
..	Cryptococcus_neoformans	T	0
..	Danio_rerio	A	0
..	Danio_rerio	C	0
..	Danio_rerio	D	0
..	Danio_rerio	E	0
..	Danio_rerio	F	0
..	Danio_rerio	G	0
..	Danio_rerio	H	0
..	Danio_rerio	I	0
..	Danio_rerio	K	0
..	Danio_rerio	L	0
..	Danio_rerio	N	0
..	Danio_rerio	P	0
..	Danio_rerio	Q	0
..	Danio_rerio	R	0
..	Danio_rerio	S	0
..	Danio_rerio	T	0
..	Danio_rerio	V	0
..	Dictyostelium_discoideum	A	0
..	Dictyostelium_discoideum	D	0
..	Dictyostelium_discoideum	E	0
..	Dictyostelium_discoideum	F	53
..	Dictyostelium_discoideum	G	0
..	Dictyostelium_discoideum	H	0
..	Dictyostelium_discoideum	I	0
..	Dictyostelium_discoideum	K	57
..	Dictyostelium_discoideum	L	0
..	Dictyostelium_discoideum	M	0
..	Dictyostelium_discoideum	N	0
..	Dictyostelium_discoideum	P	0
..	Dictyostelium_discoideum	Q	0
..	Dictyostelium_discoideum	R	0
..	Dictyostelium_discoideum	S	0
..	Dictyostelium_discoideum	T	0
..	Dictyostelium_discoideum	V	0
..	Dictyostelium_discoideum	Y	0
..	Drosophila_melanogaster	A	0
..	Drosophila_melanogaster	C	0
..	Drosophila_melanogaster	D	0
..	Drosophila_melanogaster	E	0
..	Drosophila_melanogaster	G	0
..	Drosophila_melanogaster	H	0
..	Drosophila_melanogaster	K	0
..	Drosophila_melanogaster	L	0
..	Drosophila_melanogaster	N	0
..	Drosophila_melanogaster	P	0
..	Drosophila_melanogaster	Q	0
..	Drosophila_melanogaster	R	0
..	Drosophila_melanogaster	S	0
..	Drosophila_melanogaster	T	0
..	Drosophila_melanogaster	V	0
..	Epstein_Barr_virus	A	0
..	Epstein_Barr_virus	P	0
..	Epstein_Barr_virus	R	0
..	Epstein_Barr_virus	S	0
..	Escherichia_coli	A	0
..	Escherichia_coli	G	0
..	Escherichia_coli	H	0
..	Escherichia_coli	L	0
..	Escherichia_coli	P	0
..	Escherichia_coli	R	0
..	Escherichia_coli	S	0
..	Escherichia_coli	T	0
..	Escherichia_phage_T4	S	0
..	Gallus_gallus	A	0
..	Gallus_gallus	C	0
..	Gallus_gallus	D	0
..	Gallus_gallus	E	0
..	Gallus_gallus	F	10
..	Gallus_gallus	G	27
..	Gallus_gallus	H	0
..	Gallus_gallus	K	22
..	Gallus_gallus	L	0
..	Gallus_gallus	N	0
..	Gallus_gallus	P	20
..	Gallus_gallus	Q	0
..	Gallus_gallus	R	0
..	Gallus_gallus	S	0
..	Gallus_gallus	T	0
..	Gallus_gallus	V	0
..	Giardia_intestinalis	A	0
..	Giardia_intestinalis	D	0
..	Giardia_intestinalis	E	0
..	Giardia_intestinalis	G	0
..	Giardia_intestinalis	L	0
..	Giardia_intestinalis	N	0
..	Giardia_intestinalis	P	0
..	Giardia_intestinalis	Q	0
..	Giardia_intestinalis	R	0
..	Giardia_intestinalis	S	0
..	Giardia_intestinalis	T	0
..	HSV1	A	0
..	HSV1	D	0
..	HSV1	E	0
..	HSV1	R	0
..	HSV1	S	0
..	Halobacterium_salinarum	A	0
..	Halobacterium_salinarum	D	0
..	Halobacterium_salinarum	G	0
..	Halobacterium_salinarum	S	0
..	Halobacterium_salinarum	T	0
..	Halobacterium_salinarum	V	0
..	Halococcus_morrhuae	A	0
..	Halococcus_morrhuae	D	0
..	Halococcus_morrhuae	G	0
..	Halococcus_morrhuae	L	0
..	Halococcus_morrhuae	M	0
..	Halococcus_morrhuae	T	0
..	Halococcus_morrhuae	V	0
..	Homo_sapiens	A	0
..	Homo_sapiens	C	0
..	Homo_sapiens	D	0
..	Homo_sapiens	E	0
..	Homo_sapiens	F	4
..	Homo_sapiens	G	0
..	Homo_sapiens	H	0
..	Homo_sapiens	I	0
..	Homo_sapiens	K	83
..	Homo_sapiens	L	0
..	Homo_sapiens	M	0
..	Homo_sapiens	N	0
..	Homo_sapiens	P	0
..	Homo_sapiens	Q	0
..	Homo_sapiens	R	0
..	Homo_sapiens	S	0
..	Homo_sapiens	T	0
..	Homo_sapiens	V	0
..	Human_adenovirus	A	0
..	Human_adenovirus	G	0
..	Human_adenovirus	P	0
..	Human_adenovirus	Q	0
..	Human_adenovirus	R	0
..	Human_papillomavirus	S	0
..	Marchantia_polymorpha	A	0
..	Marchantia_polymorpha	C	0
..	Marchantia_polymorpha	D	0
..	Marchantia_polymorpha	E	0
..	Marchantia_polymorpha	G	0
..	Marchantia_polymorpha	H	0
..	Marchantia_polymorpha	I	0
..	Marchantia_polymorpha	K	0
..	Marchantia_polymorpha	L	0
..	Marchantia_polymorpha	N	0
..	Marchantia_polymorpha	P	0
..	Marchantia_polymorpha	Q	0
..	Marchantia_polymorpha	R	0
..	Marchantia_polymorpha	S	0
..	Marchantia_polymorpha	T	0
..	Marchantia_polymorpha	V	0
..	Marchantia_polymorpha	W	0
..	Methanobacterium_formicicum	A	0
..	Methanobacterium_formicicum	E	0
..	Methanobacterium_formicicum	G	0
..	Methanobacterium_formicicum	S	0
..	Methanobacterium_formicicum	T	0
..	Methanobacterium_formicicum	V	0
..	Methanobrevibacter_smithii	E	0
..	Methanobrevibacter_smithii	G	0
..	Methanobrevibacter_smithii	H	0
..	Methanobrevibacter_smithii	S	0
..	Methanobrevibacter_smithii	V	0
..	Methanococcus_jannaschii	E	0
..	Methanococcus_jannaschii	G	0
..	Methanococcus_jannaschii	H	0
..	Methanococcus_jannaschii	K	0
..	Methanococcus_jannaschii	L	0
..	Methanococcus_jannaschii	R	0
..	Methanococcus_jannaschii	S	0
..	Methanosarcina_barkeri	E	0
..	Methanosarcina_barkeri	G	0
..	Methanosarcina_barkeri	L	0
..	Methanosarcina_barkeri	N	0
..	Methanosarcina_barkeri	S	0
..	Mus_musculus	A	0
..	Mus_musculus	C	0
..	Mus_musculus	D	0
..	Mus_musculus	E	0
..	Mus_musculus	F	1
..	Mus_musculus	G	9
..	Mus_musculus	H	0
..	Mus_musculus	K	11
..	Mus_musculus	L	0
..	Mus_musculus	N	0
..	Mus_musculus	P	4
..	Mus_musculus	Q	0
..	Mus_musculus	R	0
..	Mus_musculus	S	0
..	Mus_musculus	T	0
..	Mus_musculus	V	0
..	Mycobacterium_tuberculosis	A	0
..	Mycobacterium_tuberculosis	F	0
..	Mycobacterium_tuberculosis	G	0
..	Mycobacterium_tuberculosis	P	0
..	Mycobacterium_tuberculosis	Q	0
..	Mycobacterium_tuberculosis	R	0
..	Mycobacterium_tuberculosis	T	0
..	Mycobacterium_tuberculosis	V	0
..	Neurospora_crassa	A	0
..	Neurospora_crassa	C	0
..	Neurospora_crassa	D	0
..	Neurospora_crassa	E	0
..	Neurospora_crassa	F	1
..	Neurospora_crassa	G	0
..	Neurospora_crassa	H	0
..	Neurospora_crassa	I	0
..	Neurospora_crassa	K	1
..	Neurospora_crassa	L	0
..	Neurospora_crassa	N	0
..	Neurospora_crassa	P	0
..	Neurospora_crassa	Q	0
..	Neurospora_crassa	R	0
..	Neurospora_crassa	S	0
..	Neurospora_crassa	T	0
..	Neurospora_crassa	V	0
..	Neurospora_crassa	W	0
..	Nitrosopumilus_maritimus	D	0
..	Octopus_bimaculoides	A	0
..	Octopus_bimaculoides	C	0
..	Octopus_bimaculoides	D	0
..	Octopus_bimaculoides	E	0
..	Octopus_bimaculoides	F	3
..	Octopus_bimaculoides	G	0
..	Octopus_bimaculoides	H	0
..	Octopus_bimaculoides	I	0
..	Octopus_bimaculoides	K	4
..	Octopus_bimaculoides	L	0
..	Octopus_bimaculoides	M	0
..	Octopus_bimaculoides	N	0
..	Octopus_bimaculoides	P	0
..	Octopus_bimaculoides	Q	0
..	Octopus_bimaculoides	R	0
..	Octopus_bimaculoides	S	0
..	Octopus_bimaculoides	T	0
..	Octopus_bimaculoides	V	0
..	Octopus_bimaculoides	Y	0
..	Oryza_sativa	A	0
..	Oryza_sativa	C	0
..	Oryza_sativa	D	0
..	Oryza_sativa	E	0
..	Oryza_sativa	F	2
..	Oryza_sativa	G	5
..	Oryza_sativa	H	0
..	Oryza_sativa	I	0
..	Oryza_sativa	K	1
..	Oryza_sativa	L	0
..	Oryza_sativa	M	0
..	Oryza_sativa	N	0
..	Oryza_sativa	P	14
..	Oryza_sativa	Q	0
..	Oryza_sativa	R	0
..	Oryza_sativa	S	0
..	Oryza_sativa	T	0
..	Oryza_sativa	V	0
..	Oryza_sativa	W	0
..	Oryza_sativa	Y	0
..	Oryzias_latipes	A	0
..	Oryzias_latipes	C	0
..	Oryzias_latipes	D	0
..	Oryzias_latipes	E	0
..	Oryzias_latipes	F	0
..	Oryzias_latipes	G	5
..	Oryzias_latipes	H	0
..	Oryzias_latipes	I	0
..	Oryzias_latipes	K	13
..	Oryzias_latipes	L	0
..	Oryzias_latipes	M	0
..	Oryzias_latipes	N	0
..	Oryzias_latipes	P	13
..	Oryzias_latipes	Q	0
..	Oryzias_latipes	R	0
..	Oryzias_latipes	S	0
..	Oryzias_latipes	T	0
..	Oryzias_latipes	V	0
..	Oryzias_latipes	Y	0
..	Physcomitrium_patens	A	0
..	Physcomitrium_patens	C	0
..	Physcomitrium_patens	D	0
..	Physcomitrium_patens	E	0
..	Physcomitrium_patens	F	2
..	Physcomitrium_patens	G	2
..	Physcomitrium_patens	H	0
..	Physcomitrium_patens	I	0
..	Physcomitrium_patens	K	7
..	Physcomitrium_patens	L	0
..	Physcomitrium_patens	N	0
..	Physcomitrium_patens	P	4
..	Physcomitrium_patens	Q	0
..	Physcomitrium_patens	R	0
..	Physcomitrium_patens	S	0
..	Physcomitrium_patens	T	0
..	Physcomitrium_patens	V	0
..	Physcomitrium_patens	W	0
..	Physcomitrium_patens	Y	0
..	Plasmodium_falciparum	A	0
..	Plasmodium_falciparum	C	0
..	Plasmodium_falciparum	D	0
..	Plasmodium_falciparum	E	0
..	Plasmodium_falciparum	F	7
..	Plasmodium_falciparum	G	0
..	Plasmodium_falciparum	H	0
..	Plasmodium_falciparum	I	0
..	Plasmodium_falciparum	K	556
..	Plasmodium_falciparum	L	0
..	Plasmodium_falciparum	M	0
..	Plasmodium_falciparum	N	0
..	Plasmodium_falciparum	P	0
..	Plasmodium_falciparum	Q	0
..	Plasmodium_falciparum	R	0
..	Plasmodium_falciparum	S	0
..	Plasmodium_falciparum	T	0
..	Plasmodium_falciparum	Y	0
..	Pyrococcus_furiosus	E	0
..	Pyrococcus_furiosus	G	0
..	Pyrococcus_furiosus	K	0
..	Pyrococcus_furiosus	L	0
..	Pyrococcus_furiosus	T	0
..	Saccharomyces_cerevisiae	A	0
..	Saccharomyces_cerevisiae	D	0
..	Saccharomyces_cerevisiae	E	0
..	Saccharomyces_cerevisiae	G	0
..	Saccharomyces_cerevisiae	H	0
..	Saccharomyces_cerevisiae	K	3
..	Saccharomyces_cerevisiae	L	0
..	Saccharomyces_cerevisiae	N	0
..	Saccharomyces_cerevisiae	P	0
..	Saccharomyces_cerevisiae	Q	0
..	Saccharomyces_cerevisiae	R	0
..	Saccharomyces_cerevisiae	S	0
..	Saccharomyces_cerevisiae	T	0
..	Saccharomyces_cerevisiae	V	0
..	Salmonella_enterica	A	0
..	Salmonella_enterica	G	0
..	Salmonella_enterica	L	0
..	Salmonella_enterica	P	0
..	Salmonella_enterica	Q	0
..	Salmonella_enterica	R	0
..	Salmonella_enterica	T	0
..	Schizosaccharomyces_pombe	A	0
..	Schizosaccharomyces_pombe	D	0
..	Schizosaccharomyces_pombe	E	0
..	Schizosaccharomyces_pombe	F	2
..	Schizosaccharomyces_pombe	H	0
..	Schizosaccharomyces_pombe	K	1
..	Schizosaccharomyces_pombe	L	0
..	Schizosaccharomyces_pombe	N	0
..	Schizosaccharomyces_pombe	P	0
..	Schizosaccharomyces_pombe	Q	0
..	Schizosaccharomyces_pombe	R	0
..	Schizosaccharomyces_pombe	S	0
..	Schizosaccharomyces_pombe	T	0
..	Solanum_lycopersicum	A	0
..	Solanum_lycopersicum	C	0
..	Solanum_lycopersicum	D	0
..	Solanum_lycopersicum	E	0
..	Solanum_lycopersicum	F	0
..	Solanum_lycopersicum	G	6
..	Solanum_lycopersicum	H	0
..	Solanum_lycopersicum	I	0
..	Solanum_lycopersicum	K	4
..	Solanum_lycopersicum	L	0
..	Solanum_lycopersicum	M	0
..	Solanum_lycopersicum	N	0
..	Solanum_lycopersicum	P	0
..	Solanum_lycopersicum	Q	0
..	Solanum_lycopersicum	R	0
..	Solanum_lycopersicum	S	0
..	Solanum_lycopersicum	T	0
..	Solanum_lycopersicum	V	0
..	Solanum_lycopersicum	Y	0
..	Staphylococcus_aureus	H	0
..	Staphylococcus_aureus	K	0
..	Staphylococcus_aureus	Q	0
..	Staphylococcus_aureus	T	0
..	Streptococcus_pneumoniae	A	0
..	Streptococcus_pneumoniae	E	0
..	Streptococcus_pneumoniae	G	0
..	Streptococcus_pneumoniae	K	0
..	Streptococcus_pneumoniae	L	0
..	Streptococcus_pneumoniae	S	0
..	Strongylocentrotus_purpuratus	A	0
..	Strongylocentrotus_purpuratus	C	0
..	Strongylocentrotus_purpuratus	D	0
..	Strongylocentrotus_purpuratus	E	0
..	Strongylocentrotus_purpuratus	F	0
..	Strongylocentrotus_purpuratus	G	0
..	Strongylocentrotus_purpuratus	H	0
..	Strongylocentrotus_purpuratus	I	0
..	Strongylocentrotus_purpuratus	K	2
..	Strongylocentrotus_purpuratus	L	0
..	Strongylocentrotus_purpuratus	M	0
..	Strongylocentrotus_purpuratus	N	0
..	Strongylocentrotus_purpuratus	P	21
..	Strongylocentrotus_purpuratus	Q	0
..	Strongylocentrotus_purpuratus	R	0
..	Strongylocentrotus_purpuratus	S	0
..	Strongylocentrotus_purpuratus	T	0
..	Strongylocentrotus_purpuratus	V	0
..	Strongylocentrotus_purpuratus	W	0
..	Strongylocentrotus_purpuratus	Y	0
..	Sulfolobus_acidocaldarius	E	0
..	Sulfolobus_acidocaldarius	G	0
..	Sulfolobus_acidocaldarius	H	0
..	Sulfolobus_acidocaldarius	L	0
..	Sulfolobus_acidocaldarius	P	0
..	Sulfolobus_acidocaldarius	S	0
..	Sulfolobus_acidocaldarius	T	0
..	Sulfolobus_solfataricus	E	0
..	Sulfolobus_solfataricus	I	0
..	Sulfolobus_solfataricus	L	0
..	Sulfolobus_solfataricus	T	0
..	Thermococcus_litoralis	E	0
..	Thermococcus_litoralis	G	0
..	Thermococcus_litoralis	K	0
..	Thermococcus_litoralis	L	0
..	Thermococcus_litoralis	T	0
..	Thermoplasma_acidophilum	A	0
..	Thermoplasma_acidophilum	G	0
..	Thermoplasma_acidophilum	I	0
..	Thermoplasma_acidophilum	P	0
..	Thermoplasma_acidophilum	S	0
..	Thermoplasma_acidophilum	V	0
..	Torque_teno_virus	G	0
..	Torque_teno_virus	R	0
..	Trypanosoma_brucei	A	0
..	Trypanosoma_brucei	C	0
..	Trypanosoma_brucei	D	0
..	Trypanosoma_brucei	E	0
..	Trypanosoma_brucei	F	6
..	Trypanosoma_brucei	G	1
..	Trypanosoma_brucei	H	0
..	Trypanosoma_brucei	I	0
..	Trypanosoma_brucei	K	4
..	Trypanosoma_brucei	L	0
..	Trypanosoma_brucei	M	0
..	Trypanosoma_brucei	N	0
..	Trypanosoma_brucei	P	3
..	Trypanosoma_brucei	Q	0
..	Trypanosoma_brucei	R	0
..	Trypanosoma_brucei	S	0
..	Trypanosoma_brucei	T	0
..	Trypanosoma_brucei	V	0
..	Trypanosoma_brucei	Y	0
..	Variola_virus	I	0
..	Variola_virus	S	0
..	Vibrio_cholerae	L	0
..	Vibrio_cholerae	Q	0
..	Vibrio_cholerae	S	0
..	Xenopus_tropicalis	A	0
..	Xenopus_tropicalis	C	0
..	Xenopus_tropicalis	D	0
..	Xenopus_tropicalis	E	0
..	Xenopus_tropicalis	G	1
..	Xenopus_tropicalis	H	0
..	Xenopus_tropicalis	I	0
..	Xenopus_tropicalis	K	2
..	Xenopus_tropicalis	L	0
..	Xenopus_tropicalis	M	0
..	Xenopus_tropicalis	N	0
..	Xenopus_tropicalis	P	8
..	Xenopus_tropicalis	Q	0
..	Xenopus_tropicalis	R	0
..	Xenopus_tropicalis	S	0
..	Xenopus_tropicalis	T	0
..	Xenopus_tropicalis	V	0
..	Zea_mays	A	0
..	Zea_mays	C	0
..	Zea_mays	D	0
..	Zea_mays	E	0
..	Zea_mays	F	4
..	Zea_mays	G	11
..	Zea_mays	H	0
..	Zea_mays	K	0
..	Zea_mays	L	0
..	Zea_mays	M	0
..	Zea_mays	N	0
..	Zea_mays	P	11
..	Zea_mays	Q	0
..	Zea_mays	R	0
..	Zea_mays	S	0
..	Zea_mays	T	0
..	Zea_mays	V	0
..	Zea_mays	W	0
